{"AC":{"Avg_SNR_dB":33.590659087,"Normalized_SNR":0.5503746723},"DL":{"Avg_SNR_dB":34.7189484041,"Normalized_SNR":0.6098411846},"MD":{"Avg_SNR_dB":23.1481118492,"Normalized_SNR":0.0},"TO":{"Avg_SNR_dB":42.1216361819,"Normalized_SNR":1.0}}